<T3DataStructure>
	<meta>
		<langDisable>1</langDisable>
	</meta>
	<sheets>
		<main>
			<ROOT>
				<TCEforms>
					<sheetTitle>LLL:EXT:powermail/Resources/Private/Language/locallang_db.xlf:flexform.main</sheetTitle>
				</TCEforms>
				<type>array</type>
				<el>
					<settings.flexform.main.form>
						<TCEforms>
							<label>LLL:EXT:powermail/Resources/Private/Language/locallang_db.xlf:flexform.main.form</label>
							<config>
								<type>select</type>
								<renderType>selectSingle</renderType>
								<items type="array">

								</items>
								<size>1</size>
								<minitems>1</minitems>
								<maxitems>1</maxitems>
								<foreign_table>tx_powermail_domain_model_form</foreign_table>
								<foreign_table_where>AND tx_powermail_domain_model_form.deleted = 0 AND tx_powermail_domain_model_form.hidden = 0 AND tx_powermail_domain_model_form.sys_language_uid IN (-1,0) order by tx_powermail_domain_model_form.title</foreign_table_where>
								<wizards>
									<suggest>
										<title>Add Form</title>
										<type>suggest</type>
									</suggest>
								</wizards>
								<itemsProcFunc>In2code\Powermail\Tca\FormSelectorUserFunc->getForms</itemsProcFunc>
							</config>
						</TCEforms>
					</settings.flexform.main.form>
					<settings.flexform.main.formnote>
						<TCEforms>
							<config>
								<type>user</type>
								<userFunc>In2code\Powermail\Tca\ShowFormNoteEditForm->showNote</userFunc>
							</config>
						</TCEforms>
					</settings.flexform.main.formnote>
					<settings.flexform.main.confirmation>
						<TCEforms>
							<exclude>1</exclude>
							<label>LLL:EXT:powermail/Resources/Private/Language/locallang_db.xlf:flexform.main.confirmation</label>
							<config>
								<type>check</type>
								<default>0</default>
							</config>
						</TCEforms>
					</settings.flexform.main.confirmation>
					<settings.flexform.main.optin>
						<TCEforms>
							<exclude>1</exclude>
							<label>LLL:EXT:powermail/Resources/Private/Language/locallang_db.xlf:flexform.main.optin</label>
							<config>
								<type>check</type>
								<default>0</default>
							</config>
						</TCEforms>
					</settings.flexform.main.optin>
					<settings.flexform.main.moresteps>
						<TCEforms>
							<exclude>1</exclude>
							<label>LLL:EXT:powermail/Resources/Private/Language/locallang_db.xlf:flexform.main.moresteps</label>
							<config>
								<type>check</type>
								<default>0</default>
							</config>
						</TCEforms>
					</settings.flexform.main.moresteps>
					<settings.flexform.main.pid>
						<TCEforms>
							<exclude>1</exclude>
							<label>LLL:EXT:powermail/Resources/Private/Language/locallang_db.xlf:flexform.main.pid</label>
							<config>
								<type>group</type>
								<internal_type>db</internal_type>
								<allowed>pages</allowed>
								<size>1</size>
								<maxitems>1</maxitems>
								<minitems>0</minitems>
								<show_thumbs>1</show_thumbs>
							</config>
						</TCEforms>
					</settings.flexform.main.pid>
				</el>
			</ROOT>
		</main>
		<receiver>
			<ROOT>
				<TCEforms>
					<sheetTitle>LLL:EXT:powermail/Resources/Private/Language/locallang_db.xlf:flexform.receiver</sheetTitle>
				</TCEforms>
				<type>array</type>
				<el>
					<settings.flexform.receiver.type>
						<TCEforms>
							<label>LLL:EXT:powermail/Resources/Private/Language/locallang_db.xlf:flexform.receiver.type</label>
							<onChange>reload</onChange>
							<config>
								<type>select</type>
								<renderType>selectSingle</renderType>
								<items type="array">
									<numIndex index="0" type="array">
										<numIndex index="0">LLL:EXT:powermail/Resources/Private/Language/locallang_db.xlf:flexform.receiver.type.0</numIndex>
										<numIndex index="1">0</numIndex>
									</numIndex>
									<numIndex index="1" type="array">
										<numIndex index="0">LLL:EXT:powermail/Resources/Private/Language/locallang_db.xlf:flexform.receiver.type.1</numIndex>
										<numIndex index="1">1</numIndex>
									</numIndex>
									<numIndex index="3" type="array">
										<numIndex index="0">LLL:EXT:powermail/Resources/Private/Language/locallang_db.xlf:flexform.receiver.type.3</numIndex>
										<numIndex index="1">3</numIndex>
									</numIndex>
									<numIndex index="2" type="array">
										<numIndex index="0">LLL:EXT:powermail/Resources/Private/Language/locallang_db.xlf:flexform.receiver.type.2</numIndex>
										<numIndex index="1">2</numIndex>
									</numIndex>
								</items>
								<size>1</size>
								<minitems>1</minitems>
								<maxitems>1</maxitems>
							</config>
						</TCEforms>
					</settings.flexform.receiver.type>
					<settings.flexform.receiver.name>
						<TCEforms>
							<exclude>1</exclude>
							<label>LLL:EXT:powermail/Resources/Private/Language/locallang_db.xlf:flexform.receiver.name</label>
							<config>
								<type>input</type>
								<eval>trim</eval>
							</config>
						</TCEforms>
					</settings.flexform.receiver.name>
					<settings.flexform.receiver.email>
						<TCEforms>
							<exclude>1</exclude>
							<displayCond>
								<AND>
									<numIndex index="0">FIELD:settings.flexform.receiver.type:!=:1</numIndex>
									<numIndex index="1">FIELD:settings.flexform.receiver.type:!=:2</numIndex>
									<numIndex index="2">FIELD:settings.flexform.receiver.type:!=:3</numIndex>
								</AND>
							</displayCond>
							<label>LLL:EXT:powermail/Resources/Private/Language/locallang_db.xlf:flexform.receiver.email</label>
							<config>
								<type>text</type>
								<cols>32</cols>
								<rows>2</rows>
							</config>
						</TCEforms>
					</settings.flexform.receiver.email>
					<settings.flexform.receiver.fe_group>
						<TCEforms>
							<exclude>1</exclude>
							<displayCond>FIELD:settings.flexform.receiver.type:=:1</displayCond>
							<label>LLL:EXT:powermail/Resources/Private/Language/locallang_db.xlf:flexform.receiver.fe_group</label>
							<config>
								<type>select</type>
								<renderType>selectSingle</renderType>
								<items type="array">
									<numIndex index="0" type="array">
										<numIndex index="0">LLL:EXT:powermail/Resources/Private/Language/locallang_db.xlf:pleaseChoose</numIndex>
										<numIndex index="1"></numIndex>
									</numIndex>
								</items>
								<maxitems>1</maxitems>
								<size>1</size>
								<minitems>0</minitems>
								<selectedListStyle>width:300px;</selectedListStyle>
								<itemListStyle>width:300px;</itemListStyle>
								<foreign_table>fe_groups</foreign_table>
								<foreign_table_where>AND fe_groups.deleted = 0 AND fe_groups.hidden = 0 order by fe_groups.title</foreign_table_where>
							</config>
						</TCEforms>
					</settings.flexform.receiver.fe_group>
					<settings.flexform.receiver.be_group>
						<TCEforms>
							<exclude>1</exclude>
							<displayCond>FIELD:settings.flexform.receiver.type:=:3</displayCond>
							<label>LLL:EXT:powermail/Resources/Private/Language/locallang_db.xlf:flexform.receiver.be_group</label>
							<config>
								<type>select</type>
								<renderType>selectSingle</renderType>
								<items type="array">
									<numIndex index="0" type="array">
										<numIndex index="0">LLL:EXT:powermail/Resources/Private/Language/locallang_db.xlf:pleaseChoose</numIndex>
										<numIndex index="1"></numIndex>
									</numIndex>
								</items>
								<maxitems>1</maxitems>
								<size>1</size>
								<minitems>0</minitems>
								<selectedListStyle>width:300px;</selectedListStyle>
								<itemListStyle>width:300px;</itemListStyle>
								<foreign_table>be_groups</foreign_table>
								<foreign_table_where>AND be_groups.deleted = 0 AND be_groups.hidden = 0 order by be_groups.title</foreign_table_where>
							</config>
						</TCEforms>
					</settings.flexform.receiver.be_group>
					<settings.flexform.receiver.predefinedemail>
						<TCEforms>
							<exclude>1</exclude>
							<displayCond>FIELD:settings.flexform.receiver.type:=:2</displayCond>
							<label>LLL:EXT:powermail/Resources/Private/Language/locallang_db.xlf:flexform.receiver.predefinedemail</label>
							<config>
								<type>select</type>
								<renderType>selectSingle</renderType>
								<items type="array">
									<numIndex index="0" type="array">
										<numIndex index="0">LLL:EXT:powermail/Resources/Private/Language/locallang_db.xlf:pleaseChoose</numIndex>
										<numIndex index="1"></numIndex>
									</numIndex>
								</items>
								<size>1</size>
								<minitems>1</minitems>
								<maxitems>1</maxitems>
								<itemsProcFunc>In2code\Powermail\Tca\AddOptionsToSelection->addOptionsForPredefinedReceivers</itemsProcFunc>
							</config>
						</TCEforms>
					</settings.flexform.receiver.predefinedemail>
					<settings.flexform.receiver.subject>
						<TCEforms>
							<exclude>1</exclude>
							<label>LLL:EXT:powermail/Resources/Private/Language/locallang_db.xlf:flexform.receiver.subject</label>
							<config>
								<type>input</type>
								<eval>trim</eval>
							</config>
						</TCEforms>
					</settings.flexform.receiver.subject>
					<settings.flexform.receiver.body>
						<TCEforms>
							<exclude>1</exclude>
							<label>LLL:EXT:powermail/Resources/Private/Language/locallang_db.xlf:flexform.receiver.body</label>
							<config>
								<type>text</type>
								<default>{powermail_all}</default>
							</config>
							<defaultExtras>richtext[]:rte_transform[mode=ts_css]</defaultExtras>
						</TCEforms>
					</settings.flexform.receiver.body>
				</el>
			</ROOT>
		</receiver>
		<sender>
			<ROOT>
				<TCEforms>
					<sheetTitle>LLL:EXT:powermail/Resources/Private/Language/locallang_db.xlf:flexform.sender</sheetTitle>
				</TCEforms>
				<type>array</type>
				<el>
					<settings.flexform.sender.name>
						<TCEforms>
							<exclude>1</exclude>
							<label>LLL:EXT:powermail/Resources/Private/Language/locallang_db.xlf:flexform.sender.name</label>
							<config>
								<type>input</type>
								<eval>trim</eval>
							</config>
						</TCEforms>
					</settings.flexform.sender.name>
					<settings.flexform.sender.email>
						<TCEforms>
							<exclude>1</exclude>
							<label>LLL:EXT:powermail/Resources/Private/Language/locallang_db.xlf:flexform.sender.email</label>
							<config>
								<type>input</type>
								<eval>trim,In2code\Powermail\Tca\EvaluateEmail</eval>
							</config>
						</TCEforms>
					</settings.flexform.sender.email>
					<settings.flexform.sender.subject>
						<TCEforms>
							<exclude>1</exclude>
							<label>LLL:EXT:powermail/Resources/Private/Language/locallang_db.xlf:flexform.sender.subject</label>
							<config>
								<type>input</type>
								<eval>trim</eval>
							</config>
						</TCEforms>
					</settings.flexform.sender.subject>
					<settings.flexform.sender.body>
						<TCEforms>
							<exclude>1</exclude>
							<label>LLL:EXT:powermail/Resources/Private/Language/locallang_db.xlf:flexform.sender.body</label>
							<config>
								<type>text</type>
								<default>{powermail_all}</default>
							</config>
							<defaultExtras>richtext[]:rte_transform[mode=ts_css]</defaultExtras>
						</TCEforms>
					</settings.flexform.sender.body>
				</el>
			</ROOT>
		</sender>
		<thx>
			<ROOT>
				<TCEforms>
					<sheetTitle>LLL:EXT:powermail/Resources/Private/Language/locallang_db.xlf:flexform.thx</sheetTitle>
				</TCEforms>
				<type>array</type>
				<el>
					<settings.flexform.thx.body>
						<TCEforms>
							<exclude>1</exclude>
							<label>LLL:EXT:powermail/Resources/Private/Language/locallang_db.xlf:flexform.thx.body</label>
							<config>
								<type>text</type>
								<default>{powermail_all}</default>
							</config>
							<defaultExtras>richtext[]:rte_transform[mode=ts_css]</defaultExtras>
						</TCEforms>
					</settings.flexform.thx.body>
					<settings.flexform.thx.redirect>
						<TCEforms>
							<exclude>1</exclude>
							<label>LLL:EXT:powermail/Resources/Private/Language/locallang_db.xlf:flexform.thx.redirect</label>
							<config>
								<type>input</type>
								<eval>trim</eval>
								<wizards type="array">
									<_PADDING type="integer">2</_PADDING>
									<link type="array">
										<type>popup</type>
										<title>Link</title>
										<icon>EXT:backend/Resources/Public/Images/FormFieldWizard/wizard_link.gif</icon>
										<module type="array">
											<name>wizard_link</name>
											<urlParameters type="array">
												<mode>wizard</mode>
											</urlParameters>
										</module>
										<JSopenParams>height=300,width=500,status=0,menubar=0,scrollbars=1</JSopenParams>
									</link>
								</wizards>
							</config>
						</TCEforms>
					</settings.flexform.thx.redirect>
				</el>
			</ROOT>
		</thx>
	</sheets>
</T3DataStructure>
